tanggal,hari_nama,hari_ke(1-7),debit_ls,kebutuhan_m3_hari,pelanggan_aktif
2023-01-01,Minggu,7,31.31,2705.184,2115
2023-01-02,Senin,1,32.02,2766.5280000000002,2115
2023-01-03,Selasa,2,31.91,2757.0240000000003,2115
2023-01-04,Rabu,3,31.61,2731.1040000000003,2115
2023-01-05,Kamis,4,31.34,2707.7760000000003,2115
2023-01-06,Jumat,5,31.56,2726.784,2115
2023-01-07,Sabtu,6,31.72,2740.608,2115
2023-01-08,Minggu,7,32.25,2786.4,2115
2023-01-09,Senin,1,32.08,2771.712,2115
2023-01-10,Selasa,2,30.88,2668.032,2115
2023-01-11,Rabu,3,31.16,2692.224,2115
2023-01-12,Kamis,4,30.28,2616.1920000000005,2115
2023-01-13,Jumat,5,30.81,2661.984,2115
2023-01-14,Sabtu,6,30.33,2620.512,2115
2023-01-15,Minggu,7,30.37,2623.9680000000003,2115
2023-01-16,Senin,1,30.06,2597.184,2115
2023-01-17,Selasa,2,31.01,2679.264,2115
2023-01-18,Rabu,3,31.12,2688.7680000000005,2115
2023-01-19,Kamis,4,31.02,2680.128,2115
2023-01-20,Jumat,5,31.29,2703.456,2115
2023-01-21,Sabtu,6,31.55,2725.92,2115
2023-01-22,Minggu,7,31.06,2683.5840000000003,2115
2023-01-23,Senin,1,31.24,2699.136,2115
2023-01-24,Selasa,2,30.95,2674.08,2115
2023-01-25,Rabu,3,30.95,2674.08,2115
2023-01-26,Kamis,4,29.39,2539.2960000000003,2115
2023-01-27,Jumat,5,30.84,2664.576,2115
2023-01-28,Sabtu,6,30.85,2665.4400000000005,2115
2023-01-29,Minggu,7,31.34,2707.7760000000003,2119
2023-01-30,Senin,1,31.19,2694.8160000000003,2119
2023-01-31,Selasa,2,31.05,2682.7200000000003,2119
2023-02-01,Rabu,3,31.3,2704.32,2119
2023-02-02,Kamis,4,31.35,2708.6400000000003,2119
2023-02-03,Jumat,5,29.57,2554.8480000000004,2119
2023-02-04,Sabtu,6,29.53,2551.3920000000003,2119
2023-02-05,Minggu,7,33.15,2864.16,2119
2023-02-06,Senin,1,32.74,2828.7360000000003,2119
2023-02-07,Selasa,2,32.14,2776.896,2119
2023-02-08,Rabu,3,31.05,2682.7200000000003,2119
2023-02-09,Kamis,4,31.19,2694.8160000000003,2119
2023-02-10,Jumat,5,31.66,2735.424,2119
2023-02-11,Sabtu,6,31.32,2706.0480000000002,2119
2023-02-12,Minggu,7,30.95,2674.08,2119
2023-02-13,Senin,1,31.51,2722.4640000000004,2119
2023-02-14,Selasa,2,31.34,2707.7760000000003,2119
2023-02-15,Rabu,3,30.57,2641.248,2119
2023-02-16,Kamis,4,30.81,2661.984,2119
2023-02-17,Jumat,5,31.13,2689.632,2119
2023-02-18,Sabtu,6,31.0,2678.4,2119
2023-02-19,Minggu,7,30.97,2675.808,2119
2023-02-20,Senin,1,29.81,2575.584,2119
2023-02-21,Selasa,2,30.58,2642.112,2119
2023-02-22,Rabu,3,30.81,2661.984,2119
2023-02-23,Kamis,4,30.65,2648.16,2119
2023-02-24,Jumat,5,31.14,2690.496,2119
2023-02-25,Sabtu,6,31.31,2705.184,2119
2023-02-26,Minggu,7,30.69,2651.6160000000004,2119
2023-02-27,Senin,1,32.04,2768.2560000000003,2119
2023-02-28,Selasa,2,29.89,2582.496,2119
2023-03-01,Rabu,3,30.56,2640.384,2122
2023-03-02,Kamis,4,30.99,2677.536,2122
2023-03-03,Jumat,5,31.15,2691.36,2122
2023-03-04,Sabtu,6,31.25,2700.0,2122
2023-03-05,Minggu,7,31.07,2684.4480000000003,2122
2023-03-06,Senin,1,32.59,2815.7760000000003,2122
2023-03-07,Selasa,2,46.02,3976.1280000000006,3608
2023-03-08,Rabu,3,43.06,3720.3840000000005,3608
2023-03-09,Kamis,4,42.38,3661.6320000000005,3608
2023-03-10,Jumat,5,46.65,4030.56,3608
2023-03-11,Sabtu,6,45.14,3900.0960000000005,3608
2023-03-12,Minggu,7,45.91,3966.624,3608
2023-03-13,Senin,1,44.92,3881.088,3608
2023-03-14,Selasa,2,44.75,3866.4,3608
2023-03-15,Rabu,3,45.22,3907.0080000000003,3608
2023-03-16,Kamis,4,45.13,3899.2320000000004,3608
2023-03-17,Jumat,5,45.21,3906.1440000000002,3608
2023-03-18,Sabtu,6,45.61,3940.704,3608
2023-03-19,Minggu,7,45.05,3892.32,3608
2023-03-20,Senin,1,43.38,3748.0320000000006,3608
2023-03-21,Selasa,2,42.07,3634.8480000000004,3608
2023-03-22,Rabu,3,41.41,3577.824,3608
2023-03-23,Kamis,4,43.77,3781.7280000000005,3608
2023-03-24,Jumat,5,43.97,3799.0080000000003,3608
2023-03-25,Sabtu,6,43.55,3762.72,3608
2023-03-26,Minggu,7,44.44,3839.616,3608
2023-03-27,Senin,1,43.36,3746.304,3608
2023-03-28,Selasa,2,44.81,3871.5840000000003,3608
2023-03-29,Rabu,3,40.02,3457.7280000000005,3608
2023-03-30,Kamis,4,44.4,3836.1600000000003,3608
2023-03-31,Jumat,5,44.74,3865.5360000000005,3608
2023-04-01,Sabtu,6,42.63,3683.2320000000004,3608
2023-04-02,Minggu,7,43.17,3729.8880000000004,3608
2023-04-03,Senin,1,43.47,3755.808,3608
2023-04-04,Selasa,2,43.22,3734.208,3608
2023-04-05,Rabu,3,43.37,3747.168,3608
2023-04-06,Kamis,4,43.27,3738.5280000000007,3608
2023-04-07,Jumat,5,43.5,3758.4,3608
2023-04-08,Sabtu,6,43.38,3748.0320000000006,3608
2023-04-09,Minggu,7,43.46,3754.9440000000004,3608
2023-04-10,Senin,1,42.75,3693.6000000000004,3608
2023-04-11,Selasa,2,42.97,3712.608,3608
2023-04-12,Rabu,3,42.63,3683.2320000000004,3608
2023-04-13,Kamis,4,42.77,3695.3280000000004,3608
2023-04-14,Jumat,5,43.03,3717.7920000000004,3608
2023-04-15,Sabtu,6,42.72,3691.0080000000003,3608
2023-04-16,Minggu,7,43.89,3792.0960000000005,3608
2023-04-17,Senin,1,44.07,3807.648,3608
2023-04-18,Selasa,2,43.98,3799.872,3608
2023-04-19,Rabu,3,45.59,3938.9760000000006,3608
2023-04-20,Kamis,4,47.08,4067.712,3608
2023-04-21,Jumat,5,48.34,4176.576000000001,3608
2023-04-22,Sabtu,6,42.99,3714.3360000000002,3608
2023-04-23,Minggu,7,45.12,3898.368,3608
2023-04-24,Senin,1,45.05,3892.32,3608
2023-04-25,Selasa,2,44.98,3886.272,3608
2023-04-26,Rabu,3,45.4,3922.56,3608
2023-04-27,Kamis,4,47.0,4060.8,3608
2023-04-28,Jumat,5,46.18,3989.952,3608
2023-04-29,Sabtu,6,45.31,3914.7840000000006,3608
2023-04-30,Minggu,7,44.22,3820.608,3608
2023-05-01,Senin,1,45.09,3895.7760000000007,3608
2023-05-02,Selasa,2,43.99,3800.7360000000003,3608
2023-05-03,Rabu,3,42.75,3693.6000000000004,3608
2023-05-04,Kamis,4,43.37,3747.168,3608
2023-05-05,Jumat,5,44.72,3863.808,3608
2023-05-06,Sabtu,6,44.07,3807.648,3608
2023-05-07,Minggu,7,44.4,3836.1600000000003,3608
2023-05-08,Senin,1,44.62,3855.168,3608
2023-05-09,Selasa,2,44.1,3810.2400000000002,3608
2023-05-10,Rabu,3,44.26,3824.0640000000003,3608
2023-05-11,Kamis,4,44.3,3827.52,3608
2023-05-12,Jumat,5,45.68,3946.7520000000004,3608
2023-05-13,Sabtu,6,46.15,3987.36,3608
2023-05-14,Minggu,7,41.42,3578.6880000000006,3608
2023-05-15,Senin,1,43.28,3739.3920000000003,3608
2023-05-16,Selasa,2,42.27,3652.1280000000006,3608
2023-05-17,Rabu,3,42.12,3639.168,3608
2023-05-18,Kamis,4,44.25,3823.2000000000003,3608
2023-05-19,Jumat,5,44.65,3857.76,3608
2023-05-20,Sabtu,6,45.22,3907.0080000000003,3608
2023-05-21,Minggu,7,44.44,3839.616,3608
2023-05-22,Senin,1,42.84,3701.3760000000007,3608
2023-05-23,Selasa,2,42.95,3710.8800000000006,3608
2023-05-24,Rabu,3,42.58,3678.9120000000003,3608
2023-05-25,Kamis,4,41.37,3574.368,3608
2023-05-26,Jumat,5,41.88,3618.4320000000002,3608
2023-05-27,Sabtu,6,40.84,3528.5760000000005,3608
2023-05-28,Minggu,7,41.16,3556.224,3608
2023-05-29,Senin,1,41.72,3604.608,3607
2023-05-30,Selasa,2,44.18,3817.152,3607
2023-05-31,Rabu,3,41.89,3619.2960000000003,3607
2023-06-01,Kamis,4,42.57,3678.0480000000002,3607
2023-06-02,Jumat,5,44.15,3814.56,3607
2023-06-03,Sabtu,6,44.54,3848.2560000000003,3607
2023-06-04,Minggu,7,42.89,3705.6960000000004,3607
2023-06-05,Senin,1,42.0,3628.8,3607
2023-06-06,Selasa,2,42.5,3672.0000000000005,3607
2023-06-07,Rabu,3,41.4,3576.96,3607
2023-06-08,Kamis,4,43.71,3776.5440000000003,3607
2023-06-09,Jumat,5,43.33,3743.712,3607
2023-06-10,Sabtu,6,43.03,3717.7920000000004,3607
2023-06-11,Minggu,7,45.02,3889.7280000000005,3607
2023-06-12,Senin,1,42.26,3651.264,3607
2023-06-13,Selasa,2,42.33,3657.312,3607
2023-06-14,Rabu,3,42.5,3672.0000000000005,3607
2023-06-15,Kamis,4,41.89,3619.2960000000003,3607
2023-06-16,Jumat,5,41.57,3591.648,3607
2023-06-17,Sabtu,6,41.68,3601.152,3607
2023-06-18,Minggu,7,41.74,3606.3360000000002,3607
2023-06-19,Senin,1,41.4,3576.96,3607
2023-06-20,Selasa,2,41.49,3584.7360000000003,3607
2023-06-21,Rabu,3,41.67,3600.2880000000005,3607
2023-06-22,Kamis,4,43.93,3795.552,3607
2023-06-23,Jumat,5,44.71,3862.9440000000004,3607
2023-06-24,Sabtu,6,41.9,3620.1600000000003,3607
2023-06-25,Minggu,7,42.15,3641.76,3607
2023-06-26,Senin,1,41.92,3621.8880000000004,3607
2023-06-27,Selasa,2,41.69,3602.016,3607
2023-06-28,Rabu,3,43.02,3716.9280000000003,3607
2023-06-29,Kamis,4,42.95,3710.8800000000006,3607
2023-06-30,Jumat,5,43.0,3715.2000000000003,3607
2023-07-01,Sabtu,6,41.47,3583.0080000000003,3566
2023-07-02,Minggu,7,41.31,3569.1840000000007,3566
2023-07-03,Senin,1,41.5,3585.6000000000004,3566
2023-07-04,Selasa,2,42.45,3667.6800000000003,3566
2023-07-05,Rabu,3,42.07,3634.8480000000004,3566
2023-07-06,Kamis,4,41.54,3589.056,3566
2023-07-07,Jumat,5,41.69,3602.016,3566
2023-07-08,Sabtu,6,41.62,3595.968,3566
2023-07-09,Minggu,7,41.6,3594.2400000000002,3566
2023-07-10,Senin,1,41.59,3593.3760000000007,3566
2023-07-11,Selasa,2,41.37,3574.368,3566
2023-07-12,Rabu,3,40.75,3520.8,3566
2023-07-13,Kamis,4,41.09,3550.1760000000004,3566
2023-07-14,Jumat,5,41.17,3557.088,3566
2023-07-15,Sabtu,6,42.34,3658.1760000000004,3566
2023-07-16,Minggu,7,41.79,3610.656,3566
2023-07-17,Senin,1,42.5,3672.0000000000005,3566
2023-07-18,Selasa,2,42.44,3666.8160000000003,3566
2023-07-19,Rabu,3,42.38,3661.6320000000005,3566
2023-07-20,Kamis,4,40.82,3526.8480000000004,3566
2023-07-21,Jumat,5,41.61,3595.1040000000003,3566
2023-07-22,Sabtu,6,41.8,3611.52,3566
2023-07-23,Minggu,7,42.29,3653.856,3566
2023-07-24,Senin,1,41.83,3614.112,3566
2023-07-25,Selasa,2,42.15,3641.76,3566
2023-07-26,Rabu,3,42.88,3704.8320000000003,3566
2023-07-27,Kamis,4,41.19,3558.8160000000003,3566
2023-07-28,Jumat,5,41.98,3627.072,3566
2023-07-29,Sabtu,6,41.82,3613.248,3566
2023-07-30,Minggu,7,41.06,3547.5840000000003,3566
2023-07-31,Senin,1,41.17,3557.088,3566
2023-08-01,Selasa,2,41.2,3559.6800000000003,3566
2023-08-02,Rabu,3,43.18,3730.7520000000004,3566
2023-08-03,Kamis,4,40.76,3521.664,3566
2023-08-04,Jumat,5,42.08,3635.712,3566
2023-08-05,Sabtu,6,43.23,3735.072,3566
2023-08-06,Minggu,7,42.69,3688.416,3566
2023-08-07,Senin,1,42.76,3694.464,3566
2023-08-08,Selasa,2,42.14,3640.896,3566
2023-08-09,Rabu,3,42.09,3636.5760000000005,3566
2023-08-10,Kamis,4,39.97,3453.408,3566
2023-08-11,Jumat,5,40.91,3534.624,3566
2023-08-12,Sabtu,6,41.65,3598.56,3566
2023-08-13,Minggu,7,41.24,3563.1360000000004,3566
2023-08-14,Senin,1,41.38,3575.2320000000004,3566
2023-08-15,Selasa,2,42.97,3712.608,3566
2023-08-16,Rabu,3,42.04,3632.2560000000003,3566
2023-08-17,Kamis,4,41.17,3557.088,3566
2023-08-18,Jumat,5,42.04,3632.2560000000003,3566
2023-08-19,Sabtu,6,42.68,3687.552,3566
2023-08-20,Minggu,7,42.52,3673.7280000000005,3566
2023-08-21,Senin,1,43.44,3753.216,3566
2023-08-22,Selasa,2,43.33,3743.712,3566
2023-08-23,Rabu,3,43.09,3722.9760000000006,3566
2023-08-24,Kamis,4,43.77,3781.7280000000005,3566
2023-08-25,Jumat,5,44.66,3858.624,3603
2023-08-26,Sabtu,6,44.92,3881.088,3603
2023-08-27,Minggu,7,47.58,4110.912,3603
2023-08-28,Senin,1,45.3,3913.92,3603
2023-08-29,Selasa,2,45.0,3888.0000000000005,3603
2023-08-30,Rabu,3,46.04,3977.856,3603
2023-08-31,Kamis,4,44.69,3861.216,3603
2023-09-01,Jumat,5,43.84,3787.7760000000007,3603
2023-09-02,Sabtu,6,43.99,3800.7360000000003,3603
2023-09-03,Minggu,7,43.83,3786.9120000000003,3603
2023-09-04,Senin,1,44.4,3836.1600000000003,3603
2023-09-05,Selasa,2,45.32,3915.648,3603
2023-09-06,Rabu,3,44.25,3823.2000000000003,3603
2023-09-07,Kamis,4,44.1,3810.2400000000002,3603
2023-09-08,Jumat,5,44.73,3864.672,3603
2023-09-09,Sabtu,6,44.57,3850.8480000000004,3603
2023-09-10,Minggu,7,45.13,3899.2320000000004,3603
2023-09-11,Senin,1,45.27,3911.3280000000004,3603
2023-09-12,Selasa,2,42.89,3705.6960000000004,3603
2023-09-13,Rabu,3,41.77,3608.9280000000003,3603
2023-09-14,Kamis,4,41.34,3571.7760000000007,3603
2023-09-15,Jumat,5,42.1,3637.4400000000005,3603
2023-09-16,Sabtu,6,42.41,3664.224,3603
2023-09-17,Minggu,7,41.56,3590.7840000000006,3603
2023-09-18,Senin,1,41.59,3593.3760000000007,3603
2023-09-19,Selasa,2,42.6,3680.6400000000003,3603
2023-09-20,Rabu,3,43.52,3760.1280000000006,3603
2023-09-21,Kamis,4,43.33,3743.712,3603
2023-09-22,Jumat,5,43.68,3773.952,3603
2023-09-23,Sabtu,6,44.37,3833.568,3603
2023-09-24,Minggu,7,42.5,3672.0000000000005,3603
2023-09-25,Senin,1,42.98,3713.4719999999998,3603
2023-09-26,Selasa,2,42.6,3680.6400000000003,3603
2023-09-27,Rabu,3,44.46,3841.3440000000005,3603
2023-09-28,Kamis,4,43.22,3734.208,3603
2023-09-29,Jumat,5,44.13,3812.8320000000003,3603
2023-09-30,Sabtu,6,43.72,3777.4080000000004,3603
2023-10-01,Minggu,7,43.4,3749.76,3603
2023-10-02,Senin,1,42.55,3676.32,3603
2023-10-03,Selasa,2,42.48,3670.272,3603
2023-10-04,Rabu,3,42.62,3682.368,3603
2023-10-05,Kamis,4,44.11,3811.1040000000003,3622
2023-10-06,Jumat,5,46.78,4041.7920000000004,3622
2023-10-07,Sabtu,6,46.78,4041.7920000000004,3622
2023-10-08,Minggu,7,47.36,4091.904,3622
2023-10-09,Senin,1,47.91,4139.424,3622
2023-10-10,Selasa,2,45.36,3919.1040000000003,3622
2023-10-11,Rabu,3,44.35,3831.8400000000006,3622
2023-10-12,Kamis,4,44.46,3841.3440000000005,3622
2023-10-13,Jumat,5,45.29,3913.056,3622
2023-10-14,Sabtu,6,46.02,3976.1280000000006,3622
2023-10-15,Minggu,7,46.33,4002.9120000000003,3622
2023-10-16,Senin,1,46.57,4023.648,3622
2023-10-17,Selasa,2,46.04,3977.856,3622
2023-10-18,Rabu,3,46.01,3975.264,3622
2023-10-19,Kamis,4,45.66,3945.024,3622
2023-10-20,Jumat,5,45.66,3945.024,3622
2023-10-21,Sabtu,6,46.89,4051.2960000000003,3622
2023-10-22,Minggu,7,44.66,3858.624,3622
2023-10-23,Senin,1,43.27,3738.5280000000007,3622
2023-10-24,Selasa,2,43.54,3761.856,3622
2023-10-25,Rabu,3,42.75,3693.6000000000004,3606
2023-10-26,Kamis,4,42.12,3639.168,3606
2023-10-27,Jumat,5,43.4,3749.76,3606
2023-10-28,Sabtu,6,42.97,3712.608,3606
2023-10-29,Minggu,7,43.46,3754.9440000000004,3606
2023-10-30,Senin,1,42.75,3693.6000000000004,3606
2023-10-31,Selasa,2,43.97,3799.0080000000003,3606
2023-11-01,Rabu,3,44.22,3820.608,3606
2023-11-02,Kamis,4,43.61,3767.904,3606
2023-11-03,Jumat,5,43.97,3799.0080000000003,3606
2023-11-04,Sabtu,6,44.63,3856.0320000000006,3606
2023-11-05,Minggu,7,45.5,3931.2000000000003,3606
2023-11-06,Senin,1,45.94,3969.216,3606
2023-11-07,Selasa,2,45.12,3898.368,3606
2023-11-08,Rabu,3,46.04,3977.856,3606
2023-11-09,Kamis,4,45.46,3927.744,3606
2023-11-10,Jumat,5,45.75,3952.8,3606
2023-11-11,Sabtu,6,44.71,3862.9440000000004,3606
2023-11-12,Minggu,7,43.67,3773.088,3606
2023-11-13,Senin,1,44.07,3807.648,3606
2023-11-14,Selasa,2,43.56,3763.5840000000003,3606
2023-11-15,Rabu,3,44.24,3822.3360000000002,3606
2023-11-16,Kamis,4,44.17,3816.2880000000005,3606
2023-11-17,Jumat,5,46.15,3987.36,3606
2023-11-18,Sabtu,6,45.94,3969.216,3606
2023-11-19,Minggu,7,46.01,3975.264,3606
2023-11-20,Senin,1,45.14,3900.0960000000005,3606
2023-11-21,Selasa,2,44.36,3832.704,3606
2023-11-22,Rabu,3,44.39,3835.2960000000003,3606
2023-11-23,Kamis,4,44.88,3877.6320000000005,3606
2023-11-24,Jumat,5,45.72,3950.208,3606
2023-11-25,Sabtu,6,45.22,3907.0080000000003,3606
2023-11-26,Minggu,7,45.27,3911.3280000000004,3606
2023-11-27,Senin,1,44.64,3856.896,3606
2023-11-28,Selasa,2,44.17,3816.2880000000005,3606
2023-11-29,Rabu,3,45.23,3907.872,3606
2023-11-30,Kamis,4,44.51,3845.664,3606
2023-12-01,Jumat,5,43.84,3787.7760000000007,3569
2023-12-02,Sabtu,6,44.93,3881.952,3569
2023-12-03,Minggu,7,44.54,3848.2560000000003,3569
2023-12-04,Senin,1,44.48,3843.072,3569
2023-12-05,Selasa,2,43.89,3792.0960000000005,3569
2023-12-06,Rabu,3,44.76,3867.264,3569
2023-12-07,Kamis,4,45.12,3898.368,3569
2023-12-08,Jumat,5,45.47,3928.608,3569
2023-12-09,Sabtu,6,45.88,3964.0320000000006,3569
2023-12-10,Minggu,7,44.56,3849.9840000000004,3569
2023-12-11,Senin,1,47.66,4117.824,3569
2023-12-12,Selasa,2,42.02,3630.5280000000007,3569
2023-12-13,Rabu,3,46.97,4058.208,3569
2023-12-14,Kamis,4,45.63,3942.4320000000007,3569
2023-12-15,Jumat,5,46.35,4004.6400000000003,3569
2023-12-16,Sabtu,6,47.28,4084.992,3569
2023-12-17,Minggu,7,46.44,4012.416,3569
2023-12-18,Senin,1,46.43,4011.552,3569
2023-12-19,Selasa,2,46.56,4022.7840000000006,3569
2023-12-20,Rabu,3,46.33,4002.9120000000003,3569
2023-12-21,Kamis,4,46.23,3994.272,3569
2023-12-22,Jumat,5,46.33,4002.9120000000003,3569
2023-12-23,Sabtu,6,46.31,4001.1840000000007,3569
2023-12-24,Minggu,7,46.17,3989.088,3569
2023-12-25,Senin,1,46.36,4005.5040000000004,3569
2023-12-26,Selasa,2,47.1,4069.4400000000005,3569
2023-12-27,Rabu,3,47.08,4067.712,3569
2023-12-28,Kamis,4,46.68,4033.152,3569
2023-12-29,Jumat,5,47.07,4066.8480000000004,3569
2023-12-30,Sabtu,6,48.72,4209.408,3569
2023-12-31,Minggu,7,50.1,4328.64,3569
2024-01-01,Senin,1,47.89,4137.696,3566
2024-01-02,Selasa,2,44.34,3830.9760000000006,3566
2024-01-03,Rabu,3,45.81,3957.9840000000004,3566
2024-01-04,Kamis,4,45.58,3938.112,3566
2024-01-05,Jumat,5,46.88,4050.4320000000007,3566
2024-01-06,Sabtu,6,45.61,3940.704,3566
2024-01-07,Minggu,7,46.99,4059.9360000000006,3566
2024-01-08,Senin,1,47.57,4110.048000000001,3566
2024-01-09,Selasa,2,47.62,4114.368,3566
2024-01-10,Rabu,3,43.62,3768.768,3566
2024-01-11,Kamis,4,42.77,3695.3280000000004,3566
2024-01-12,Jumat,5,43.03,3717.7920000000004,3566
2024-01-13,Sabtu,6,47.12,4071.168,3566
2024-01-14,Minggu,7,45.44,3926.016,3566
2024-01-15,Senin,1,42.56,3677.1840000000007,3566
2024-01-16,Selasa,2,42.1,3637.4400000000005,3566
2024-01-17,Rabu,3,46.67,4032.2880000000005,3566
2024-01-18,Kamis,4,45.81,3957.9840000000004,3566
2024-01-19,Jumat,5,44.99,3887.1360000000004,3566
2024-01-20,Sabtu,6,46.05,3978.72,3566
2024-01-21,Minggu,7,45.54,3934.6560000000004,3566
2024-01-22,Senin,1,45.94,3969.216,3566
2024-01-23,Selasa,2,46.07,3980.4480000000003,3566
2024-01-24,Rabu,3,43.97,3799.0080000000003,3566
2024-01-25,Kamis,4,46.86,4048.704,3566
2024-01-26,Jumat,5,45.6,3939.8400000000006,3566
2024-01-27,Sabtu,6,45.5,3931.2000000000003,3566
2024-01-28,Minggu,7,45.49,3930.3360000000002,3566
2024-01-29,Senin,1,46.61,4027.1040000000003,3566
2024-01-30,Selasa,2,46.63,4028.8320000000003,3566
2024-01-31,Rabu,3,45.43,3925.152,3566
2024-02-01,Kamis,4,45.6,3939.8400000000006,3576
2024-02-02,Jumat,5,45.88,3964.0320000000006,3576
2024-02-03,Sabtu,6,45.51,3932.0640000000003,3576
2024-02-04,Minggu,7,44.34,3830.9760000000006,3576
2024-02-05,Senin,1,47.99,4146.336,3576
2024-02-06,Selasa,2,46.85,4047.8400000000006,3576
2024-02-07,Rabu,3,46.69,4034.016,3576
2024-02-08,Kamis,4,48.85,4220.64,3576
2024-02-09,Jumat,5,48.53,4192.992,3576
2024-02-10,Sabtu,6,47.57,4110.048000000001,3576
2024-02-11,Minggu,7,48.47,4187.808,3576
2024-02-12,Senin,1,47.7,4121.280000000001,3576
2024-02-13,Selasa,2,47.19,4077.216,3576
2024-02-14,Rabu,3,47.63,4115.232000000001,3576
2024-02-15,Kamis,4,45.06,3893.1840000000007,3576
2024-02-16,Jumat,5,45.56,3936.3840000000005,3576
2024-02-17,Sabtu,6,47.37,4092.768,3576
2024-02-18,Minggu,7,47.52,4105.728000000001,3576
2024-02-19,Senin,1,47.58,4110.912,3576
2024-02-20,Selasa,2,47.32,4088.4480000000003,3576
2024-02-21,Rabu,3,46.51,4018.464,3576
2024-02-22,Kamis,4,47.03,4063.3920000000003,3576
2024-02-23,Jumat,5,46.55,4021.92,3576
2024-02-24,Sabtu,6,46.0,3974.4,3576
2024-02-25,Minggu,7,46.08,3981.312,3576
2024-02-26,Senin,1,46.11,3983.904,3576
2024-02-27,Selasa,2,46.46,4014.1440000000002,3576
2024-02-28,Rabu,3,47.0,4060.8,3576
2024-02-29,Kamis,4,47.55,4108.32,3576
2024-03-01,Jumat,5,46.99,4059.9360000000006,3563
2024-03-02,Sabtu,6,47.22,4079.808,3563
2024-03-03,Minggu,7,47.15,4073.76,3563
2024-03-04,Senin,1,47.07,4066.8480000000004,3563
2024-03-05,Selasa,2,47.19,4077.216,3563
2024-03-06,Rabu,3,46.23,3994.272,3563
2024-03-07,Kamis,4,46.59,4025.3760000000007,3563
2024-03-08,Jumat,5,47.28,4084.992,3563
2024-03-09,Sabtu,6,45.95,3970.0800000000004,3563
2024-03-10,Minggu,7,46.54,4021.056,3563
2024-03-11,Senin,1,47.38,4093.6320000000005,3563
2024-03-12,Selasa,2,46.23,3994.272,3563
2024-03-13,Rabu,3,46.35,4004.6400000000003,3563
2024-03-14,Kamis,4,46.08,3981.312,3563
2024-03-15,Jumat,5,46.52,4019.3280000000004,3563
2024-03-16,Sabtu,6,46.44,4012.416,3563
2024-03-17,Minggu,7,46.83,4046.112,3563
2024-03-18,Senin,1,46.08,3981.312,3563
2024-03-19,Selasa,2,46.58,4024.512,3563
2024-03-20,Rabu,3,46.81,4044.3840000000005,3563
2024-03-21,Kamis,4,46.6,4026.2400000000002,3563
2024-03-22,Jumat,5,47.15,4073.76,3563
2024-03-23,Sabtu,6,47.0,4060.8,3563
2024-03-24,Minggu,7,47.37,4092.768,3563
2024-03-25,Senin,1,46.19,3990.8160000000003,3563
2024-03-26,Selasa,2,47.01,4061.664,3563
2024-03-27,Rabu,3,46.62,4027.968,3563
2024-03-28,Kamis,4,46.99,4059.9360000000006,3563
2024-03-29,Jumat,5,47.4,4095.36,3563
2024-03-30,Sabtu,6,47.52,4105.728000000001,3563
2024-03-31,Minggu,7,47.66,4117.824,3563
2024-04-01,Senin,1,47.01,4061.664,3551
2024-04-02,Selasa,2,47.25,4082.4,3551
2024-04-03,Rabu,3,47.76,4126.464,3551
2024-04-04,Kamis,4,48.43,4184.352,3551
2024-04-05,Jumat,5,48.48,4188.672,3551
2024-04-06,Sabtu,6,48.79,4215.456,3551
2024-04-07,Minggu,7,48.9,4224.96,3551
2024-04-08,Senin,1,49.55,4281.12,3551
2024-04-09,Selasa,2,49.53,4279.392000000001,3551
2024-04-10,Rabu,3,49.84,4306.176,3551
2024-04-11,Kamis,4,49.9,4311.360000000001,3551
2024-04-12,Jumat,5,50.59,4370.976000000001,3551
2024-04-13,Sabtu,6,50.69,4379.616,3551
2024-04-14,Minggu,7,49.91,4312.224,3551
2024-04-15,Senin,1,49.84,4306.176,3551
2024-04-16,Selasa,2,49.66,4290.624,3551
2024-04-17,Rabu,3,49.29,4258.656,3551
2024-04-18,Kamis,4,49.17,4248.2880000000005,3551
2024-04-19,Jumat,5,49.21,4251.744000000001,3551
2024-04-20,Sabtu,6,49.32,4261.2480000000005,3551
2024-04-21,Minggu,7,47.72,4123.008,3551
2024-04-22,Senin,1,50.41,4355.424,3551
2024-04-23,Selasa,2,49.59,4284.576000000001,3551
2024-04-24,Rabu,3,49.96,4316.544000000001,3551
2024-04-25,Kamis,4,47.4,4095.36,3551
2024-04-26,Jumat,5,48.65,4203.360000000001,3551
2024-04-27,Sabtu,6,49.13,4244.832,3565
2024-04-28,Minggu,7,48.16,4161.024,3565
2024-04-29,Senin,1,48.89,4224.0960000000005,3565
2024-04-30,Selasa,2,48.07,4153.2480000000005,3565
2024-05-01,Rabu,3,48.81,4217.184,3565
2024-05-02,Kamis,4,48.53,4192.992,3565
2024-05-03,Jumat,5,48.62,4200.768,3565
2024-05-04,Sabtu,6,48.87,4222.368,3565
2024-05-05,Minggu,7,48.3,4173.12,3565
2024-05-06,Senin,1,48.15,4160.16,3565
2024-05-07,Selasa,2,48.68,4205.952,3565
2024-05-08,Rabu,3,49.01,4234.464,3565
2024-05-09,Kamis,4,48.26,4169.664,3565
2024-05-10,Jumat,5,49.42,4269.888000000001,3565
2024-05-11,Sabtu,6,49.32,4261.2480000000005,3565
2024-05-12,Minggu,7,48.47,4187.808,3565
2024-05-13,Senin,1,48.08,4154.112,3565
2024-05-14,Selasa,2,48.49,4189.536,3565
2024-05-15,Rabu,3,48.3,4173.12,3565
2024-05-16,Kamis,4,49.04,4237.0560000000005,3565
2024-05-17,Jumat,5,49.39,4267.296,3565
2024-05-18,Sabtu,6,49.04,4237.0560000000005,3565
2024-05-19,Minggu,7,49.1,4242.240000000001,3565
2024-05-20,Senin,1,48.35,4177.4400000000005,3565
2024-05-21,Selasa,2,48.63,4201.6320000000005,3565
2024-05-22,Rabu,3,47.14,4072.896,3565
2024-05-23,Kamis,4,47.22,4079.808,3565
2024-05-24,Jumat,5,47.74,4124.736000000001,3565
2024-05-25,Sabtu,6,47.58,4110.912,3565
2024-05-26,Minggu,7,47.7,4121.280000000001,3565
2024-05-27,Senin,1,45.19,3904.416,3565
2024-05-28,Selasa,2,49.57,4282.848,3565
2024-05-29,Rabu,3,47.75,4125.6,3565
2024-05-30,Kamis,4,46.92,4053.8880000000004,3565
2024-05-31,Jumat,5,46.77,4040.9280000000003,3565
2024-06-01,Sabtu,6,47.04,4064.2560000000003,3565
2024-06-02,Minggu,7,46.27,3997.7280000000005,3565
2024-06-03,Senin,1,47.43,4097.952,3565
2024-06-04,Selasa,2,47.37,4092.768,3565
2024-06-05,Rabu,3,47.98,4145.472,3565
2024-06-06,Kamis,4,49.26,4256.064,3591
2024-06-07,Jumat,5,47.7,4121.280000000001,3591
2024-06-08,Sabtu,6,47.45,4099.68,3591
2024-06-09,Minggu,7,48.62,4200.768,3591
2024-06-10,Senin,1,49.07,4239.648,3591
2024-06-11,Selasa,2,47.49,4103.136,3591
2024-06-12,Rabu,3,47.58,4110.912,3591
2024-06-13,Kamis,4,47.79,4129.0560000000005,3591
2024-06-14,Jumat,5,48.48,4188.672,3591
2024-06-15,Sabtu,6,48.38,4180.032,3591
2024-06-16,Minggu,7,48.64,4202.496,3591
2024-06-17,Senin,1,48.6,4199.04,3591
2024-06-18,Selasa,2,48.43,4184.352,3591
2024-06-19,Rabu,3,48.53,4192.992,3591
2024-06-20,Kamis,4,48.46,4186.944,3591
2024-06-21,Jumat,5,48.18,4162.752,3591
2024-06-22,Sabtu,6,48.24,4167.936000000001,3591
2024-06-23,Minggu,7,47.33,4089.312,3580
2024-06-24,Senin,1,48.58,4197.312,3580
2024-06-25,Selasa,2,48.81,4217.184,3580
2024-06-26,Rabu,3,48.76,4212.8640000000005,3580
2024-06-27,Kamis,4,48.0,4147.200000000001,3580
2024-06-28,Jumat,5,48.08,4154.112,3580
2024-06-29,Sabtu,6,47.81,4130.784000000001,3580
2024-06-30,Minggu,7,47.92,4140.2880000000005,3580
2024-07-01,Senin,1,47.65,4116.96,3580
2024-07-02,Selasa,2,47.91,4139.424,3580
2024-07-03,Rabu,3,48.15,4160.16,3580
2024-07-04,Kamis,4,47.91,4139.424,3580
2024-07-05,Jumat,5,48.37,4179.168,3570
2024-07-06,Sabtu,6,47.86,4135.104,3570
2024-07-07,Minggu,7,47.74,4124.736000000001,3570
2024-07-08,Senin,1,49.02,4235.328,3570
2024-07-09,Selasa,2,48.62,4200.768,3570
2024-07-10,Rabu,3,47.25,4082.4,3570
2024-07-11,Kamis,4,48.6,4199.04,3570
2024-07-12,Jumat,5,48.39,4180.896000000001,3570
2024-07-13,Sabtu,6,48.79,4215.456,3570
2024-07-14,Minggu,7,48.75,4212.0,3570
2024-07-15,Senin,1,48.53,4192.992,3570
2024-07-16,Selasa,2,48.14,4159.296,3570
2024-07-17,Rabu,3,47.7,4121.280000000001,3570
2024-07-18,Kamis,4,47.92,4140.2880000000005,3570
2024-07-19,Jumat,5,48.11,4156.704000000001,3570
2024-07-20,Sabtu,6,48.45,4186.080000000001,3570
2024-07-21,Minggu,7,48.52,4192.128000000001,3570
2024-07-22,Senin,1,48.25,4168.8,3570
2024-07-23,Selasa,2,48.95,4229.280000000001,3570
2024-07-24,Rabu,3,49.04,4237.0560000000005,3570
2024-07-25,Kamis,4,49.0,4233.6,3570
2024-07-26,Jumat,5,48.84,4219.776000000001,3570
2024-07-27,Sabtu,6,48.59,4198.176,3570
2024-07-28,Minggu,7,48.61,4199.904,3570
2024-07-29,Senin,1,48.4,4181.76,3570
2024-07-30,Selasa,2,48.1,4155.84,3570
2024-07-31,Rabu,3,48.67,4205.088000000001,3570
2024-08-01,Kamis,4,48.67,4205.088000000001,3570
2024-08-02,Jumat,5,48.58,4197.312,3570
2024-08-03,Sabtu,6,48.23,4167.072,3570
2024-08-04,Minggu,7,47.94,4142.016,3560
2024-08-05,Senin,1,47.88,4136.832,3560
2024-08-06,Selasa,2,47.82,4131.648,3560
2024-08-07,Rabu,3,47.27,4084.1280000000006,3560
2024-08-08,Kamis,4,47.06,4065.9840000000004,3560
2024-08-09,Jumat,5,48.01,4148.064,3560
2024-08-10,Sabtu,6,48.25,4168.8,3560
2024-08-11,Minggu,7,48.15,4160.16,3560
2024-08-12,Senin,1,48.01,4148.064,3560
2024-08-13,Selasa,2,48.06,4152.384000000001,3560
2024-08-14,Rabu,3,48.02,4148.928000000001,3560
2024-08-15,Kamis,4,48.11,4156.704000000001,3560
2024-08-16,Jumat,5,48.09,4154.976000000001,3560
2024-08-17,Sabtu,6,47.76,4126.464,3560
2024-08-18,Minggu,7,47.83,4132.512,3560
2024-08-19,Senin,1,48.18,4162.752,3633
2024-08-20,Selasa,2,48.67,4205.088000000001,3633
2024-08-21,Rabu,3,48.09,4154.976000000001,3633
2024-08-22,Kamis,4,48.09,4154.976000000001,3633
2024-08-23,Jumat,5,48.07,4153.2480000000005,3633
2024-08-24,Sabtu,6,48.04,4150.656,3633
2024-08-25,Minggu,7,46.03,3976.992,3633
2024-08-26,Senin,1,47.32,4088.4480000000003,3633
2024-08-27,Selasa,2,48.76,4212.8640000000005,3633
2024-08-28,Rabu,3,49.11,4243.104,3633
2024-08-29,Kamis,4,48.31,4173.984,3633
2024-08-30,Jumat,5,48.26,4169.664,3633
2024-08-31,Sabtu,6,48.2,4164.4800000000005,3633
2024-09-01,Minggu,7,48.03,4149.792,3633
2024-09-02,Senin,1,48.13,4158.432000000001,3633
2024-09-03,Selasa,2,48.42,4183.488,3635
2024-09-04,Rabu,3,48.21,4165.344,3635
2024-09-05,Kamis,4,48.32,4174.848,3635
2024-09-06,Jumat,5,48.58,4197.312,3635
2024-09-07,Sabtu,6,48.28,4171.392000000001,3635
2024-09-08,Minggu,7,47.58,4110.912,3635
2024-09-09,Senin,1,46.02,3976.1280000000006,3635
2024-09-10,Selasa,2,48.54,4193.856,3635
2024-09-11,Rabu,3,49.18,4249.152,3635
2024-09-12,Kamis,4,48.62,4200.768,3635
2024-09-13,Jumat,5,48.05,4151.52,3635
2024-09-14,Sabtu,6,48.23,4167.072,3635
2024-09-15,Minggu,7,48.39,4180.896000000001,3635
2024-09-16,Senin,1,48.69,4206.816,3635
2024-09-17,Selasa,2,48.44,4185.216,3635
2024-09-18,Rabu,3,47.86,4135.104,3635
2024-09-19,Kamis,4,47.98,4145.472,3635
2024-09-20,Jumat,5,48.4,4181.76,3635
2024-09-21,Sabtu,6,48.38,4180.032,3635
2024-09-22,Minggu,7,48.38,4180.032,3637
2024-09-23,Senin,1,47.49,4103.136,3637
2024-09-24,Selasa,2,45.9,3965.76,3637
2024-09-25,Rabu,3,46.02,3976.1280000000006,3637
2024-09-26,Kamis,4,46.51,4018.464,3637
2024-09-27,Jumat,5,47.19,4077.216,3637
2024-09-28,Sabtu,6,47.18,4076.3520000000003,3637
2024-09-29,Minggu,7,46.31,4001.1840000000007,3637
2024-09-30,Senin,1,45.01,3888.864,3637
2024-10-01,Selasa,2,46.55,4021.92,3640
2024-10-02,Rabu,3,46.57,4023.648,3640
2024-10-03,Kamis,4,46.72,4036.608,3640
2024-10-04,Jumat,5,46.57,4023.648,3640
2024-10-05,Sabtu,6,47.13,4072.0320000000006,3640
2024-10-06,Minggu,7,47.95,4142.88,3640
2024-10-07,Senin,1,47.54,4107.456,3640
2024-10-08,Selasa,2,47.6,4112.64,3640
2024-10-09,Rabu,3,47.89,4137.696,3640
2024-10-10,Kamis,4,47.43,4097.952,3640
2024-10-11,Jumat,5,47.54,4107.456,3640
2024-10-12,Sabtu,6,48.07,4153.2480000000005,3640
2024-10-13,Minggu,7,48.12,4157.568,3644
2024-10-14,Senin,1,48.38,4180.032,3644
2024-10-15,Selasa,2,48.05,4151.52,3644
2024-10-16,Rabu,3,46.48,4015.872,3644
2024-10-17,Kamis,4,49.13,4244.832,3644
2024-10-18,Jumat,5,48.47,4187.808,3644
2024-10-19,Sabtu,6,47.83,4132.512,3644
2024-10-20,Minggu,7,47.33,4089.312,3644
2024-10-21,Senin,1,47.65,4116.96,3644
2024-10-22,Selasa,2,47.08,4067.712,3644
2024-10-23,Rabu,3,47.77,4127.328,3644
2024-10-24,Kamis,4,48.17,4161.888000000001,3644
2024-10-25,Jumat,5,43.98,3799.872,3644
2024-10-26,Sabtu,6,47.28,4084.992,3644
2024-10-27,Minggu,7,48.64,4202.496,3644
2024-10-28,Senin,1,48.18,4162.752,3644
2024-10-29,Selasa,2,48.08,4154.112,3641
2024-10-30,Rabu,3,48.19,4163.616,3641
2024-10-31,Kamis,4,47.59,4111.776000000001,3641
2024-11-01,Jumat,5,46.74,4038.3360000000002,3641
2024-11-02,Sabtu,6,46.63,4028.8320000000003,3641
2024-11-03,Minggu,7,46.81,4044.3840000000005,3641
2024-11-04,Senin,1,47.05,4065.12,3641
2024-11-05,Selasa,2,47.0,4060.8,3641
2024-11-06,Rabu,3,46.66,4031.424,3641
2024-11-07,Kamis,4,46.29,3999.456,3641
2024-11-08,Jumat,5,43.59,3766.1760000000004,3634
2024-11-09,Sabtu,6,41.74,3606.3360000000002,3634
2024-11-10,Minggu,7,48.1,4155.84,3634
2024-11-11,Senin,1,46.03,3976.992,3634
2024-11-12,Selasa,2,46.03,3976.992,3634
2024-11-13,Rabu,3,45.73,3951.072,3634
2024-11-14,Kamis,4,46.99,4059.9360000000006,3634
2024-11-15,Jumat,5,52.26,4515.264,3634
2024-11-16,Sabtu,6,46.16,3988.224,3634
2024-11-17,Minggu,7,45.52,3932.9280000000003,3634
2024-11-18,Senin,1,45.18,3903.552,3634
2024-11-19,Selasa,2,45.61,3940.704,3634
2024-11-20,Rabu,3,45.42,3924.2880000000005,3634
2024-11-21,Kamis,4,45.35,3918.2400000000002,3634
2024-11-22,Jumat,5,45.57,3937.2480000000005,3634
2024-11-23,Sabtu,6,45.57,3937.2480000000005,3634
2024-11-24,Minggu,7,45.64,3943.2960000000003,3634
2024-11-25,Senin,1,46.05,3978.72,3634
2024-11-26,Selasa,2,45.53,3933.7920000000004,3634
2024-11-27,Rabu,3,45.59,3938.9760000000006,3634
2024-11-28,Kamis,4,45.96,3970.9440000000004,3634
2024-11-29,Jumat,5,45.71,3949.3440000000005,3634
2024-11-30,Sabtu,6,45.57,3937.2480000000005,3634
2024-12-01,Minggu,7,45.64,3943.2960000000003,3633
2024-12-02,Senin,1,45.59,3938.9760000000006,3633
2024-12-03,Selasa,2,46.02,3976.1280000000006,3633
2024-12-04,Rabu,3,45.87,3963.168,3633
2024-12-05,Kamis,4,46.11,3983.904,3633
2024-12-06,Jumat,5,47.34,4090.1760000000004,3633
2024-12-07,Sabtu,6,46.25,3996.0000000000005,3633
2024-12-08,Minggu,7,46.47,4015.0080000000003,3633
2024-12-09,Senin,1,46.36,4005.5040000000004,3633
2024-12-10,Selasa,2,46.16,3988.224,3633
2024-12-11,Rabu,3,46.5,4017.6000000000004,3633
2024-12-12,Kamis,4,46.8,4043.52,3633
2024-12-13,Jumat,5,46.44,4012.416,3633
2024-12-14,Sabtu,6,46.06,3979.5840000000003,3633
2024-12-15,Minggu,7,46.61,4027.1040000000003,3627
2024-12-16,Senin,1,46.46,4014.1440000000002,3627
2024-12-17,Selasa,2,46.53,4020.1920000000005,3627
2024-12-18,Rabu,3,49.7,4294.080000000001,3627
2024-12-19,Kamis,4,46.6,4026.2400000000002,3627
2024-12-20,Jumat,5,47.09,4068.5760000000005,3627
2024-12-21,Sabtu,6,46.72,4036.608,3627
2024-12-22,Minggu,7,46.98,4059.072,3627
2024-12-23,Senin,1,46.76,4040.0640000000003,3627
2024-12-24,Selasa,2,46.89,4051.2960000000003,3627
2024-12-25,Rabu,3,47.1,4069.4400000000005,3627
2024-12-26,Kamis,4,47.4,4095.36,3627
2024-12-27,Jumat,5,46.9,4052.1600000000003,3627
2024-12-28,Sabtu,6,48.87,4222.368,3627
2024-12-29,Minggu,7,49.11,4243.104,3627
2024-12-30,Senin,1,48.9,4224.96,3627
2024-12-31,Selasa,2,53.62,4632.768,3627
2025-01-01,Rabu,3,50.01,4320.8640000000005,3627
2025-01-02,Kamis,4,53.09,4586.976000000001,3620
2025-01-03,Jumat,5,55.99,4837.536,3620
2025-01-04,Sabtu,6,52.01,4493.664,3620
2025-01-05,Minggu,7,50.28,4344.192,3620
2025-01-06,Senin,1,50.64,4375.296,3620
2025-01-07,Selasa,2,50.04,4323.456,3620
2025-01-08,Rabu,3,55.87,4827.168,3620
2025-01-09,Kamis,4,52.2,4510.080000000001,3620
2025-01-10,Jumat,5,51.8,4475.52,3627
2025-01-11,Sabtu,6,51.04,4409.856,3627
2025-01-12,Minggu,7,47.07,4066.8480000000004,3627
2025-01-13,Senin,1,48.61,4199.904,3627
2025-01-14,Selasa,2,48.19,4163.616,3627
2025-01-15,Rabu,3,48.45,4186.080000000001,3627
2025-01-16,Kamis,4,48.78,4214.592000000001,3627
2025-01-17,Jumat,5,49.37,4265.568,3627
2025-01-18,Sabtu,6,49.68,4292.352,3627
2025-01-19,Minggu,7,50.18,4335.552000000001,3627
2025-01-20,Senin,1,49.56,4281.984,3627
2025-01-21,Selasa,2,50.05,4324.32,3627
2025-01-22,Rabu,3,50.88,4396.032,3627
2025-01-23,Kamis,4,50.74,4383.936000000001,3627
2025-01-24,Jumat,5,51.04,4409.856,3627
2025-01-25,Sabtu,6,49.82,4304.448,3627
2025-01-26,Minggu,7,49.57,4282.848,3627
2025-01-27,Senin,1,50.0,4320.0,3627
2025-01-28,Selasa,2,49.87,4308.768,3627
2025-01-29,Rabu,3,50.58,4370.112,3627
2025-01-30,Kamis,4,51.59,4457.376,3627
2025-01-31,Jumat,5,50.43,4357.152,3627
2025-02-01,Sabtu,6,49.33,4262.112,3627
2025-02-02,Minggu,7,49.08,4240.512,3627
2025-02-03,Senin,1,49.23,4253.472,3627
2025-02-04,Selasa,2,49.13,4244.832,3627
2025-02-05,Rabu,3,49.03,4236.192,3627
2025-02-06,Kamis,4,48.94,4228.416,3627
2025-02-07,Jumat,5,48.97,4231.008,3627
2025-02-08,Sabtu,6,49.37,4265.568,3627
2025-02-09,Minggu,7,49.16,4247.424,3627
2025-02-10,Senin,1,49.64,4288.896000000001,3627
2025-02-11,Selasa,2,33.26,2873.664,2104
2025-02-12,Rabu,3,41.09,3550.1760000000004,2104
2025-02-13,Kamis,4,37.01,3197.664,2106
2025-02-14,Jumat,5,36.43,3147.552,2106
2025-02-15,Sabtu,6,38.95,3365.2800000000007,2106
2025-02-16,Minggu,7,38.81,3353.184,2106
2025-02-17,Senin,1,38.5,3326.4,2099
2025-02-18,Selasa,2,40.06,3461.1840000000007,2099
2025-02-19,Rabu,3,39.39,3403.2960000000003,2099
2025-02-20,Kamis,4,39.11,3379.1040000000003,2099
2025-02-21,Jumat,5,39.43,3406.7520000000004,2099
2025-02-22,Sabtu,6,39.46,3409.3440000000005,2099
2025-02-23,Minggu,7,39.04,3373.056,2099
2025-02-24,Senin,1,39.65,3425.76,2099
2025-02-25,Selasa,2,38.77,3349.7280000000005,2099
2025-02-26,Rabu,3,38.53,3328.992,2099
2025-02-27,Kamis,4,38.62,3336.768,2099
2025-02-28,Jumat,5,38.76,3348.864,2099
2025-03-01,Sabtu,6,38.92,3362.6880000000006,2093
2025-03-02,Minggu,7,39.04,3373.056,2093
2025-03-03,Senin,1,40.0,3456.0,2093
2025-03-04,Selasa,2,40.43,3493.152,2093
2025-03-05,Rabu,3,39.21,3387.744,2093
2025-03-06,Kamis,4,38.81,3353.184,2093
2025-03-07,Jumat,5,38.65,3339.36,2093
2025-03-08,Sabtu,6,38.08,3290.112,2093
2025-03-09,Minggu,7,38.3,3309.12,2093
2025-03-10,Senin,1,39.03,3372.1920000000005,2093
2025-03-11,Selasa,2,39.38,3402.4320000000002,2093
2025-03-12,Rabu,3,39.93,3449.952,2093
2025-03-13,Kamis,4,39.99,3455.1360000000004,2093
2025-03-14,Jumat,5,39.95,3451.6800000000003,2092
2025-03-15,Sabtu,6,39.79,3437.856,2092
2025-03-16,Minggu,7,40.31,3482.7840000000006,2092
2025-03-17,Senin,1,40.03,3458.5920000000006,2092
2025-03-18,Selasa,2,39.54,3416.2560000000003,2085
2025-03-19,Rabu,3,34.06,2942.7840000000006,2085
2025-03-20,Kamis,4,34.14,2949.6960000000004,2085
2025-03-21,Jumat,5,35.2,3041.2800000000007,2085
2025-03-22,Sabtu,6,34.92,3017.088,2085
2025-03-23,Minggu,7,35.61,3076.704,2085
2025-03-24,Senin,1,36.03,3112.992,2085
2025-03-25,Selasa,2,34.81,3007.5840000000003,2075
2025-03-26,Rabu,3,34.82,3008.4480000000003,2075
2025-03-27,Kamis,4,34.9,3015.36,2075
2025-03-28,Jumat,5,34.09,2945.3760000000007,2075
2025-03-29,Sabtu,6,35.13,3035.2320000000004,2075
2025-03-30,Minggu,7,36.01,3111.264,2075
2025-03-31,Senin,1,33.25,2872.8,2062
2025-04-01,Selasa,2,34.25,2959.2000000000003,2062
2025-04-02,Rabu,3,34.04,2941.056,2062
2025-04-03,Kamis,4,33.43,2888.3520000000003,2062
2025-04-04,Jumat,5,33.69,2910.816,2062
2025-04-05,Sabtu,6,33.6,2903.0400000000004,2062
2025-04-06,Minggu,7,33.98,2935.872,2062
2025-04-07,Senin,1,33.73,2914.272,2062
2025-04-08,Selasa,2,34.55,2985.12,2067
2025-04-09,Rabu,3,34.76,3003.264,2067
2025-04-10,Kamis,4,34.62,2991.168,2067
2025-04-11,Jumat,5,35.53,3069.7920000000004,2067
2025-04-12,Sabtu,6,37.42,3233.088,2067
2025-04-13,Minggu,7,37.12,3207.168,2067
2025-04-14,Senin,1,37.47,3237.408,2067
2025-04-15,Selasa,2,35.13,3035.2320000000004,2069
2025-04-16,Rabu,3,36.1,3119.0400000000004,2069
2025-04-17,Kamis,4,36.25,3132.0,2069
2025-04-18,Jumat,5,37.09,3204.5760000000005,2069
2025-04-19,Sabtu,6,36.67,3168.2880000000005,2069
2025-04-20,Minggu,7,36.54,3157.056,2069
2025-04-21,Senin,1,36.48,3151.872,2069
2025-04-22,Selasa,2,36.67,3168.2880000000005,2069
2025-04-23,Rabu,3,38.11,3292.704,2069
2025-04-24,Kamis,4,38.5,3326.4,2069
2025-04-25,Jumat,5,39.14,3381.6960000000004,2072
2025-04-26,Sabtu,6,38.72,3345.408,2072
2025-04-27,Minggu,7,39.6,3421.4400000000005,2072
2025-04-28,Senin,1,39.4,3404.1600000000003,2072
2025-04-29,Selasa,2,39.42,3405.8880000000004,2072
2025-04-30,Rabu,3,39.45,3408.4800000000005,2072
2025-05-01,Kamis,4,39.68,3428.3520000000003,2072
2025-05-02,Jumat,5,38.62,3336.768,2072
2025-05-03,Sabtu,6,38.07,3289.248,2072
2025-05-04,Minggu,7,38.15,3296.1600000000003,2072
2025-05-05,Senin,1,37.8,3265.92,2072
2025-05-06,Selasa,2,32.4,2799.36,2072
2025-05-07,Rabu,3,29.52,2550.5280000000002,2072
2025-05-08,Kamis,4,29.99,2591.136,2072
2025-05-09,Jumat,5,29.95,2587.6800000000003,2075
2025-05-10,Sabtu,6,29.94,2586.8160000000003,2075
2025-05-11,Minggu,7,29.68,2564.3520000000003,2075
2025-05-12,Senin,1,29.98,2590.2720000000004,2075
2025-05-13,Selasa,2,29.93,2585.952,2075
2025-05-14,Rabu,3,29.4,2540.16,2075
2025-05-15,Kamis,4,29.5,2548.8,2079
2025-05-16,Jumat,5,29.74,2569.536,2079
2025-05-17,Sabtu,6,30.34,2621.376,2079
2025-05-18,Minggu,7,30.01,2592.8640000000005,2079
2025-05-19,Senin,1,29.54,2552.2560000000003,2079
2025-05-20,Selasa,2,29.56,2553.984,2079
2025-05-21,Rabu,3,29.72,2567.808,2079
2025-05-22,Kamis,4,30.42,2628.2880000000005,2079
2025-05-23,Jumat,5,30.86,2666.304,2079
2025-05-24,Sabtu,6,31.49,2720.736,2079
2025-05-25,Minggu,7,31.34,2707.7760000000003,2079
2025-05-26,Senin,1,30.5,2635.2000000000003,2079
2025-05-27,Selasa,2,30.61,2644.704,2079
2025-05-28,Rabu,3,30.75,2656.8,2079
2025-05-29,Kamis,4,30.5,2635.2000000000003,2079
2025-05-30,Jumat,5,30.6,2643.84,2079
2025-05-31,Sabtu,6,30.65,2648.16,2079
2025-06-01,Minggu,7,31.16,2692.224,2081
2025-06-02,Senin,1,31.03,2680.992,2081
2025-06-03,Selasa,2,31.54,2725.056,2081
2025-06-04,Rabu,3,31.32,2706.0480000000002,2081
2025-06-05,Kamis,4,32.58,2814.9120000000003,2081
2025-06-06,Jumat,5,31.99,2763.936,2081
2025-06-07,Sabtu,6,32.35,2795.0400000000004,2081
2025-06-08,Minggu,7,31.91,2757.0240000000003,2081
2025-06-09,Senin,1,32.59,2815.7760000000003,2081
2025-06-10,Selasa,2,31.01,2679.264,2081
2025-06-11,Rabu,3,30.66,2649.0240000000003,2081
2025-06-12,Kamis,4,30.1,2600.6400000000003,2081
2025-06-13,Jumat,5,30.17,2606.688,2081
2025-06-14,Sabtu,6,30.21,2610.1440000000002,2081
2025-06-15,Minggu,7,30.27,2615.328,2081
2025-06-16,Senin,1,30.39,2625.6960000000004,2081
2025-06-17,Selasa,2,29.92,2585.088,2081
2025-06-18,Rabu,3,30.27,2615.328,2081
2025-06-19,Kamis,4,29.86,2579.904,2081
2025-06-20,Jumat,5,29.83,2577.312,2081
2025-06-21,Sabtu,6,29.95,2587.6800000000003,2081
2025-06-22,Minggu,7,30.76,2657.664,2081
2025-06-23,Senin,1,31.61,2731.1040000000003,2081
2025-06-24,Selasa,2,32.05,2769.12,2081
2025-06-25,Rabu,3,30.43,2629.152,2081
2025-06-26,Kamis,4,31.02,2680.128,2081
2025-06-27,Jumat,5,30.79,2660.2560000000003,2081
2025-06-28,Sabtu,6,30.42,2628.2880000000005,2081
2025-06-29,Minggu,7,31.15,2691.36,2081
2025-06-30,Senin,1,31.49,2720.736,2081
2025-07-01,Selasa,2,31.11,2687.904,2109
2025-07-02,Rabu,3,31.01,2679.264,2109
2025-07-03,Kamis,4,30.07,2598.0480000000002,2109
2025-07-04,Jumat,5,30.09,2599.7760000000003,2109
2025-07-05,Sabtu,6,29.84,2578.176,2109
2025-07-06,Minggu,7,30.95,2674.08,2109
2025-07-07,Senin,1,30.37,2623.9680000000003,2109
2025-07-08,Selasa,2,29.23,2525.472,2109
2025-07-09,Rabu,3,29.37,2537.568,2109
2025-07-10,Kamis,4,29.14,2517.6960000000004,2109
2025-07-11,Jumat,5,29.4,2540.16,2109
2025-07-12,Sabtu,6,29.57,2554.8480000000004,2109
2025-07-13,Minggu,7,29.77,2572.128,2109
2025-07-14,Senin,1,29.87,2580.768,2109
2025-07-15,Selasa,2,30.97,2675.808,2109
2025-07-16,Rabu,3,30.98,2676.672,2109
2025-07-17,Kamis,4,30.0,2592.0,2109
2025-07-18,Jumat,5,29.91,2584.224,2109
2025-07-19,Sabtu,6,30.3,2617.92,2109
2025-07-20,Minggu,7,30.12,2602.3680000000004,2109
2025-07-21,Senin,1,30.4,2626.56,2109
2025-07-22,Selasa,2,30.61,2644.704,2109
2025-07-23,Rabu,3,29.91,2584.224,2109
2025-07-24,Kamis,4,29.42,2541.8880000000004,2109
2025-07-25,Jumat,5,30.69,2651.6160000000004,2109
2025-07-26,Sabtu,6,30.41,2627.424,2109
2025-07-27,Minggu,7,30.36,2623.1040000000003,2109
2025-07-28,Senin,1,28.4,2453.76,2109
2025-07-29,Selasa,2,27.29,2357.856,2109
2025-07-30,Rabu,3,30.36,2623.1040000000003,2109
2025-07-31,Kamis,4,33.65,2907.36,2109
2025-08-01,Jumat,5,34.39,2971.2960000000003,2599
2025-08-02,Sabtu,6,34.39,2971.2960000000003,2599
2025-08-03,Minggu,7,34.15,2950.56,2599
2025-08-04,Senin,1,34.43,2974.752,2599
2025-08-05,Selasa,2,35.08,3030.9120000000003,2599
2025-08-06,Rabu,3,36.27,3133.7280000000005,2599
2025-08-07,Kamis,4,36.91,3189.024,2599
2025-08-08,Jumat,5,34.81,3007.5840000000003,2599
2025-08-09,Sabtu,6,32.88,2840.8320000000003,2599
2025-08-10,Minggu,7,33.12,2861.5679999999998,2599
2025-08-11,Senin,1,32.54,2811.456,2599
2025-08-12,Selasa,2,33.65,2907.36,2599
2025-08-13,Rabu,3,33.94,2932.416,2599
2025-08-14,Kamis,4,34.86,3011.904,2599
2025-08-15,Jumat,5,35.54,3070.656,2599
2025-08-16,Sabtu,6,34.97,3021.408,2599
2025-08-17,Minggu,7,35.9,3101.76,2599
2025-08-18,Senin,1,35.65,3080.16,2599
2025-08-19,Selasa,2,34.81,3007.5840000000003,2599
2025-08-20,Rabu,3,35.49,3066.3360000000002,2599
2025-08-21,Kamis,4,35.5,3067.2000000000003,2599
2025-08-22,Jumat,5,36.27,3133.7280000000005,2599
2025-08-23,Sabtu,6,35.12,3034.368,2599
2025-08-24,Minggu,7,38.11,3292.704,2599
2025-08-25,Senin,1,36.7,3170.8800000000006,2599
2025-08-26,Selasa,2,34.21,2955.744,2599
2025-08-27,Rabu,3,34.09,2945.3760000000007,2599
2025-08-28,Kamis,4,33.85,2924.6400000000003,2599
2025-08-29,Jumat,5,33.35,2881.4400000000005,2599
2025-08-30,Sabtu,6,34.46,2977.344,2599
2025-08-31,Minggu,7,34.96,3020.5440000000003,2599
2025-09-01,Senin,1,36.78,3177.7920000000004,2613
2025-09-02,Selasa,2,35.02,3025.7280000000005,2613
2025-09-03,Rabu,3,35.04,3027.456,2613
2025-09-04,Kamis,4,35.2,3041.2800000000007,2613
2025-09-05,Jumat,5,35.94,3105.216,2613
2025-09-06,Sabtu,6,34.97,3021.408,2613
2025-09-07,Minggu,7,35.01,3024.864,2613
2025-09-08,Senin,1,34.34,2966.9760000000006,2613
2025-09-09,Selasa,2,34.34,2966.9760000000006,2613
2025-09-10,Rabu,3,34.18,2953.152,2613
2025-09-11,Kamis,4,34.99,3023.1360000000004,2613
2025-09-12,Jumat,5,34.85,3011.0400000000004,2613
2025-09-13,Sabtu,6,35.33,3052.512,2613
2025-09-14,Minggu,7,34.64,2992.896,2613
2025-09-15,Senin,1,35.57,3073.248,2613
2025-09-16,Selasa,2,33.99,2936.7360000000003,2613
2025-09-17,Rabu,3,35.31,3050.7840000000006,2613
2025-09-18,Kamis,4,34.7,2998.0800000000004,2613
2025-09-19,Jumat,5,35.31,3050.7840000000006,2613
2025-09-20,Sabtu,6,36.08,3117.312,2613
2025-09-21,Minggu,7,36.15,3123.36,2613
2025-09-22,Senin,1,35.94,3105.216,2613
2025-09-23,Selasa,2,35.93,3104.3520000000003,2613
2025-09-24,Rabu,3,35.13,3035.2320000000004,2613
2025-09-25,Kamis,4,35.6,3075.84,2613
2025-09-26,Jumat,5,36.39,3144.0960000000005,2613
2025-09-27,Sabtu,6,36.22,3129.408,2613
2025-09-28,Minggu,7,36.66,3167.424,2613
2025-09-29,Senin,1,36.71,3171.744,2613
2025-09-30,Selasa,2,35.61,3076.704,2613
2025-10-01,Rabu,3,36.35,3140.6400000000003,2614
2025-10-02,Kamis,4,35.05,3028.32,2614
2025-10-03,Jumat,5,36.05,3114.72,2614
2025-10-04,Sabtu,6,36.25,3132.0,2614
2025-10-05,Minggu,7,36.33,3138.9120000000003,2614
2025-10-06,Senin,1,36.91,3189.024,2614
2025-10-07,Selasa,2,35.78,3091.3920000000003,2614
2025-10-08,Rabu,3,36.14,3122.496,2614
2025-10-09,Kamis,4,36.88,3186.4320000000002,2614
2025-10-10,Jumat,5,36.82,3181.248,2614
2025-10-11,Sabtu,6,36.24,3131.1360000000004,2614
2025-10-12,Minggu,7,38.82,3354.0480000000002,2614
2025-10-13,Senin,1,34.86,3011.904,2614
2025-10-14,Selasa,2,35.86,3098.304,2614
2025-10-15,Rabu,3,35.78,3091.3920000000003,2614
2025-10-16,Kamis,4,36.18,3125.952,2614
2025-10-17,Jumat,5,35.83,3095.712,2614
2025-10-18,Sabtu,6,35.81,3093.9840000000004,2614
2025-10-19,Minggu,7,36.07,3116.4480000000003,2614
2025-10-20,Senin,1,35.14,3036.0960000000005,2614
2025-10-21,Selasa,2,34.7,2998.0800000000004,2614
2025-10-22,Rabu,3,32.98,2849.4719999999998,2614
2025-10-23,Kamis,4,34.39,2971.2960000000003,2614
2025-10-24,Jumat,5,34.42,2973.8880000000004,2614
2025-10-25,Sabtu,6,34.8,3006.72,2614
2025-10-26,Minggu,7,35.0,3024.0,2614
2025-10-27,Senin,1,34.42,2973.8880000000004,2614
2025-10-28,Selasa,2,34.68,2996.3520000000003,2614
2025-10-29,Rabu,3,34.69,2997.216,2614
2025-10-30,Kamis,4,35.22,3043.0080000000003,2614
2025-10-31,Jumat,5,35.09,3031.7760000000003,2614
2025-11-01,Sabtu,6,34.78,3004.992,2613
2025-11-02,Minggu,7,35.09,3031.7760000000003,2613
2025-11-03,Senin,1,34.76,3003.264,2613
2025-11-04,Selasa,2,35.3,3049.92,2613
2025-11-05,Rabu,3,35.08,3030.9120000000003,2613
2025-11-06,Kamis,4,35.25,3045.6000000000004,2613
2025-11-07,Jumat,5,35.44,3062.016,2613
2025-11-08,Sabtu,6,35.92,3103.4880000000003,2613
2025-11-09,Minggu,7,34.73,3000.672,2613
2025-11-10,Senin,1,35.63,3078.4320000000002,2613
2025-11-11,Selasa,2,35.07,3030.0480000000002,2613
2025-11-12,Rabu,3,35.25,3045.6000000000004,2613
2025-11-13,Kamis,4,35.88,3100.0320000000006,2613
2025-11-14,Jumat,5,35.88,3100.0320000000006,2613
2025-11-15,Sabtu,6,36.3,3136.32,2613
2025-11-16,Minggu,7,37.01,3197.664,2613
2025-11-17,Senin,1,36.6,3162.2400000000002,2613
2025-11-18,Selasa,2,36.9,3188.1600000000003,2613
2025-11-19,Rabu,3,37.3,3222.72,2613
2025-11-20,Kamis,4,37.31,3223.5840000000003,2613
2025-11-21,Jumat,5,37.41,3232.2239999999997,2613
2025-11-22,Sabtu,6,37.67,3254.6880000000006,2613
2025-11-23,Minggu,7,37.33,3225.312,2613
2025-11-24,Senin,1,36.88,3186.4320000000002,2613
2025-11-25,Selasa,2,37.48,3238.272,2613
2025-11-26,Rabu,3,35.79,3092.2560000000003,2613
2025-11-27,Kamis,4,36.8,3179.52,2613
2025-11-28,Jumat,5,35.44,3062.016,2613
2025-11-29,Sabtu,6,35.98,3108.672,2613
2025-11-30,Minggu,7,34.91,3016.2239999999997,2613
2025-12-01,Senin,1,37.32,3224.4480000000003,2616
2025-12-02,Selasa,2,36.98,3195.072,2616
2025-12-03,Rabu,3,36.58,3160.512,2616
2025-12-04,Kamis,4,33.31,2877.9840000000004,2616
2025-12-05,Jumat,5,35.87,3099.168,2616
2025-12-06,Sabtu,6,35.81,3093.9840000000004,2616
2025-12-07,Minggu,7,35.76,3089.664,2616
2025-12-08,Senin,1,35.96,3106.9440000000004,2616
2025-12-09,Selasa,2,35.76,3089.664,2616
2025-12-10,Rabu,3,35.82,3094.8480000000004,2616
2025-12-11,Kamis,4,35.88,3100.0320000000006,2616
2025-12-12,Jumat,5,36.08,3117.312,2616
2025-12-13,Sabtu,6,35.96,3106.9440000000004,2616
2025-12-14,Minggu,7,35.83,3095.712,2616
2025-12-15,Senin,1,35.14,3036.0960000000005,2616
2025-12-16,Selasa,2,39.07,3375.648,2616
2025-12-17,Rabu,3,38.28,3307.3920000000003,2616
2025-12-18,Kamis,4,37.24,3217.5360000000005,2616
2025-12-19,Jumat,5,38.03,3285.7920000000004,2616
2025-12-20,Sabtu,6,38.19,3299.616,2616
2025-12-21,Minggu,7,38.12,3293.568,2616
2025-12-22,Senin,1,36.98,3195.072,2616
2025-12-23,Selasa,2,37.4,3231.36,2616
2025-12-24,Rabu,3,37.01,3197.664,2616
2025-12-25,Kamis,4,37.86,3271.1040000000003,2616
2025-12-26,Jumat,5,37.08,3203.712,2616
2025-12-27,Sabtu,6,36.64,3165.6960000000004,2616
2025-12-28,Minggu,7,37.31,3223.5840000000003,2616
2025-12-29,Senin,1,37.15,3209.76,2616
2025-12-30,Selasa,2,36.72,3172.608,2616
2025-12-31,Rabu,3,36.69,3170.016,2616
